Workbook

Sheet 출장비 정산(원화지급원화회수)
C1: 2-1출장경비 법인카드 | D1: 2-2출장경비 현금 | E1: 2-3출장경비 개인경비
B4: □ 해외출장 여비정산서 | H4: 환율표(*출국일 기준 환율)
B5: 1) 출장내역 | H5: US($) | I5: 1470
B6: 출장자 | D6: 홍길동 | H6: Rupiah(IDR) | I6: 0.09
B7: 출장기간 | D7: 45870 | E7: 45930 | F7: =E7-D7&"박 "&E7-D7+1&"일" -> 60박 61일
B8: 출장지역/업체 | D8: 인도네시아 / HLI
B9: 출장목적 | D9: 인하우스 현장지원
B11: 2) 정산내역
B12: 항목 | C12: 정산내역 | F12: 합계(\) | G12: 비고
B13: 지출구분 | C13: 카드 | D13: 현금 | E13: 개인경비
B14: 항공료 | C14: =SUMIFS(INDIRECT("'"&C$1&"'!L:l"),INDIRECT("'"&C$1&"'!d:d"),'출장비 정산(원화지급원화회수)'!$B14) -> 500000 | D14: =SUMIFS(INDIRECT("'"&D$1&"'!L:l"),INDIRECT("'"&D$1&"'!d:d"),'출장비 정산(원화지급원화회수)'!$B14) -> 0 | E14: =SUMIFS(INDIRECT("'"&E$1&"'!L:l"),INDIRECT("'"&E$1&"'!d:d"),'출장비 정산(원화지급원화회수)'!$B14) -> 0 | F14: =SUM(C14:E14) -> 500000 | G14: 경기실 카드 | H14: ▶ | I14: 경영기획실 결제내역도 2-1출장경비 법인카드 내역에 포함하여 작성(인사총무파트에 요청)
B15: 숙박비 | C15: =SUMIFS(INDIRECT("'"&C$1&"'!L:l"),INDIRECT("'"&C$1&"'!d:d"),'출장비 정산(원화지급원화회수)'!$B15) -> 0 | D15: =SUMIFS(INDIRECT("'"&D$1&"'!L:l"),INDIRECT("'"&D$1&"'!d:d"),'출장비 정산(원화지급원화회수)'!$B15) -> 0 | E15: =SUMIFS(INDIRECT("'"&E$1&"'!L:l"),INDIRECT("'"&E$1&"'!d:d"),'출장비 정산(원화지급원화회수)'!$B15) -> 0 | F15: =SUM(C15:E15) -> 0 | G15: 경기실 카드 | H15: ▶ | I15: 경영기획실 결제내역도 2-1출장경비 법인카드 내역에 포함하여 작성(인사총무파트에 요청)
B16: 렌터카 | C16: =SUMIFS(INDIRECT("'"&C$1&"'!L:l"),INDIRECT("'"&C$1&"'!d:d"),'출장비 정산(원화지급원화회수)'!$B16) -> 0 | D16: =SUMIFS(INDIRECT("'"&D$1&"'!L:l"),INDIRECT("'"&D$1&"'!d:d"),'출장비 정산(원화지급원화회수)'!$B16) -> 0 | E16: =SUMIFS(INDIRECT("'"&E$1&"'!L:l"),INDIRECT("'"&E$1&"'!d:d"),'출장비 정산(원화지급원화회수)'!$B16) -> 0 | F16: =SUM(C16:E16) -> 0
B17: 여비교통비 | C17: =SUMIFS(INDIRECT("'"&C$1&"'!L:l"),INDIRECT("'"&C$1&"'!d:d"),'출장비 정산(원화지급원화회수)'!$B17) -> 114410 | D17: =SUMIFS(INDIRECT("'"&D$1&"'!L:l"),INDIRECT("'"&D$1&"'!d:d"),'출장비 정산(원화지급원화회수)'!$B17) -> 0 | E17: =SUMIFS(INDIRECT("'"&E$1&"'!L:l"),INDIRECT("'"&E$1&"'!d:d"),'출장비 정산(원화지급원화회수)'!$B17) -> 36000 | F17: =SUM(C17:E17) -> 150410
B18: 식비 | C18: =SUMIFS(INDIRECT("'"&C$1&"'!L:l"),INDIRECT("'"&C$1&"'!d:d"),'출장비 정산(원화지급원화회수)'!$B18) -> 664054 | D18: =SUMIFS(INDIRECT("'"&D$1&"'!L:l"),INDIRECT("'"&D$1&"'!d:d"),'출장비 정산(원화지급원화회수)'!$B18) -> 279561 | E18: =SUMIFS(INDIRECT("'"&E$1&"'!L:l"),INDIRECT("'"&E$1&"'!d:d"),'출장비 정산(원화지급원화회수)'!$B18) -> 0 | F18: =SUM(C18:E18) -> 943615 | H18: ▶ | I18: 비고란에 사용한 카드번호 입력(ex. 0101카드 또는 경영기획실 카드)
B19: 회식비 | C19: =SUMIFS(INDIRECT("'"&C$1&"'!L:l"),INDIRECT("'"&C$1&"'!d:d"),'출장비 정산(원화지급원화회수)'!$B19) -> 0 | D19: =SUMIFS(INDIRECT("'"&D$1&"'!L:l"),INDIRECT("'"&D$1&"'!d:d"),'출장비 정산(원화지급원화회수)'!$B19) -> 0 | E19: =SUMIFS(INDIRECT("'"&E$1&"'!L:l"),INDIRECT("'"&E$1&"'!d:d"),'출장비 정산(원화지급원화회수)'!$B19) -> 0 | F19: =SUM(C19:E19) -> 0
B20: 접대비 | C20: =SUMIFS(INDIRECT("'"&C$1&"'!L:l"),INDIRECT("'"&C$1&"'!d:d"),'출장비 정산(원화지급원화회수)'!$B20) -> 551795 | D20: =SUMIFS(INDIRECT("'"&D$1&"'!L:l"),INDIRECT("'"&D$1&"'!d:d"),'출장비 정산(원화지급원화회수)'!$B20) -> 57600 | E20: =SUMIFS(INDIRECT("'"&E$1&"'!L:l"),INDIRECT("'"&E$1&"'!d:d"),'출장비 정산(원화지급원화회수)'!$B20) -> 0 | F20: =SUM(C20:E20) -> 609395
B21: 생필품 | C21: =SUMIFS(INDIRECT("'"&C$1&"'!L:l"),INDIRECT("'"&C$1&"'!d:d"),'출장비 정산(원화지급원화회수)'!$B21) -> 0 | D21: =SUMIFS(INDIRECT("'"&D$1&"'!L:l"),INDIRECT("'"&D$1&"'!d:d"),'출장비 정산(원화지급원화회수)'!$B21) -> 0 | E21: =SUMIFS(INDIRECT("'"&E$1&"'!L:l"),INDIRECT("'"&E$1&"'!d:d"),'출장비 정산(원화지급원화회수)'!$B21) -> 0 | F21: =SUM(C21:E21) -> 0
B22: 소모품비 | C22: =SUMIFS(INDIRECT("'"&C$1&"'!L:l"),INDIRECT("'"&C$1&"'!d:d"),'출장비 정산(원화지급원화회수)'!$B22) -> 0 | D22: =SUMIFS(INDIRECT("'"&D$1&"'!L:l"),INDIRECT("'"&D$1&"'!d:d"),'출장비 정산(원화지급원화회수)'!$B22) -> 0 | E22: =SUMIFS(INDIRECT("'"&E$1&"'!L:l"),INDIRECT("'"&E$1&"'!d:d"),'출장비 정산(원화지급원화회수)'!$B22) -> 0 | F22: =SUM(C22:E22) -> 0
B23: 통신비 | C23: =SUMIFS(INDIRECT("'"&C$1&"'!L:l"),INDIRECT("'"&C$1&"'!d:d"),'출장비 정산(원화지급원화회수)'!$B23) -> 0 | D23: =SUMIFS(INDIRECT("'"&D$1&"'!L:l"),INDIRECT("'"&D$1&"'!d:d"),'출장비 정산(원화지급원화회수)'!$B23) -> 0 | E23: =SUMIFS(INDIRECT("'"&E$1&"'!L:l"),INDIRECT("'"&E$1&"'!d:d"),'출장비 정산(원화지급원화회수)'!$B23) -> 18000 | F23: =SUM(C23:E23) -> 18000
B24: 의약품 외 | C24: =SUMIFS(INDIRECT("'"&C$1&"'!L:l"),INDIRECT("'"&C$1&"'!d:d"),'출장비 정산(원화지급원화회수)'!$B24) -> 0 | D24: =SUMIFS(INDIRECT("'"&D$1&"'!L:l"),INDIRECT("'"&D$1&"'!d:d"),'출장비 정산(원화지급원화회수)'!$B24) -> 0 | E24: =SUMIFS(INDIRECT("'"&E$1&"'!L:l"),INDIRECT("'"&E$1&"'!d:d"),'출장비 정산(원화지급원화회수)'!$B24) -> 0 | F24: =SUM(C24:E24) -> 0
B25: 수수료 | C25: =SUMIFS(INDIRECT("'"&C$1&"'!L:l"),INDIRECT("'"&C$1&"'!d:d"),'출장비 정산(원화지급원화회수)'!$B25) -> 0 | D25: =SUMIFS(INDIRECT("'"&D$1&"'!L:l"),INDIRECT("'"&D$1&"'!d:d"),'출장비 정산(원화지급원화회수)'!$B25) -> 14700 | E25: =SUMIFS(INDIRECT("'"&E$1&"'!L:l"),INDIRECT("'"&E$1&"'!d:d"),'출장비 정산(원화지급원화회수)'!$B25) -> 0 | F25: =SUM(C25:E25) -> 14700
B26: 기타 | C26: =SUMIFS(INDIRECT("'"&C$1&"'!L:l"),INDIRECT("'"&C$1&"'!d:d"),'출장비 정산(원화지급원화회수)'!$B26) -> 0 | D26: =SUMIFS(INDIRECT("'"&D$1&"'!L:l"),INDIRECT("'"&D$1&"'!d:d"),'출장비 정산(원화지급원화회수)'!$B26) -> 0 | E26: =SUMIFS(INDIRECT("'"&E$1&"'!L:l"),INDIRECT("'"&E$1&"'!d:d"),'출장비 정산(원화지급원화회수)'!$B26) -> 0 | F26: =SUM(C26:E26) -> 0
B27: 합계 | C27: =SUM(C14:C26) -> 1830259 | D27: =SUM(D14:D26) -> 351861 | E27: =SUM(E14:E26) -> 54000 | F27: =SUM(C27:E27) -> 2236120 | G27: XXXX 카드 | H27: ='2-1출장경비 법인카드'!L31=C27 -> TRUE | I27: =D27='2-2출장경비 현금'!L14 -> TRUE | J27: =E27='2-3출장경비 개인경비'!L12 -> TRUE
B29: 3) 현금 내역
B30: 지출구분 | D30: 지급액 | E30: 사용액 | F30: 개인경비 | G30: 반납액(지급액)
B31: 금액 | D31: 700000 | E31: =D27 -> 351861 | F31: =E27 -> 54000 | G31: =D31-E31-F31 -> 294139

Sheet 출장비 정산(외화지급외화회수)
C1: 2-1출장경비 법인카드 | D1: 2-2출장경비 현금 | E1: 2-3출장경비 개인경비
B4: □ 해외출장 여비정산서
B6: 출장자 | D6: 홍길동
B7: 출장기간 | D7: 45870 | E7: 45930 | F7: =E7-D7&"박 "&E7-D7+1&"일" -> 60박 61일
B8: 출장지역/업체 | D8: 인도네시아 / HLI
B9: 출장목적 | D9: 인하우스 현장지원
B11: 2) 정산내역
B12: 항목 | C12: 정산내역 | F12: 합계(\) | G12: 비고
B13: 지출구분 | C13: 카드 | D13: 현금 | E13: 개인경비
B14: 항공료 | C14: =SUMIFS(INDIRECT("'"&C$1&"'!L:l"),INDIRECT("'"&C$1&"'!d:d"),'출장비 정산(원화지급원화회수)'!$B14) -> 500000 | D14: =SUMIFS(INDIRECT("'"&D$1&"'!L:l"),INDIRECT("'"&D$1&"'!d:d"),'출장비 정산(원화지급원화회수)'!$B14) -> 0 | E14: =SUMIFS(INDIRECT("'"&E$1&"'!L:l"),INDIRECT("'"&E$1&"'!d:d"),'출장비 정산(원화지급원화회수)'!$B14) -> 0 | F14: =SUM(C14:E14) -> 500000 | G14: 경기실 카드 | I14: ▶ | J14: 경영기획실 결제내역도 2-1출장경비 법인카드 내역에 포함하여 작성(인사총무파트에 요청) | M14: 경영기획실 결제내역도 2-1출장경비 법인카드 내역에 포함하여 작성(인사총무파트에 요청)
B15: 숙박비 | C15: =SUMIFS(INDIRECT("'"&C$1&"'!L:l"),INDIRECT("'"&C$1&"'!d:d"),'출장비 정산(원화지급원화회수)'!$B15) -> 0 | D15: =SUMIFS(INDIRECT("'"&D$1&"'!L:l"),INDIRECT("'"&D$1&"'!d:d"),'출장비 정산(원화지급원화회수)'!$B15) -> 0 | E15: =SUMIFS(INDIRECT("'"&E$1&"'!L:l"),INDIRECT("'"&E$1&"'!d:d"),'출장비 정산(원화지급원화회수)'!$B15) -> 0 | F15: =SUM(C15:E15) -> 0 | I15: ▶ | J15: 경영기획실 결제내역도 2-1출장경비 법인카드 내역에 포함하여 작성(인사총무파트에 요청) | M15: 경영기획실 결제내역도 2-1출장경비 법인카드 내역에 포함하여 작성(인사총무파트에 요청)
B16: 렌터카 | C16: =SUMIFS(INDIRECT("'"&C$1&"'!L:l"),INDIRECT("'"&C$1&"'!d:d"),'출장비 정산(원화지급원화회수)'!$B16) -> 0 | D16: =SUMIFS(INDIRECT("'"&D$1&"'!L:l"),INDIRECT("'"&D$1&"'!d:d"),'출장비 정산(원화지급원화회수)'!$B16) -> 0 | E16: =SUMIFS(INDIRECT("'"&E$1&"'!L:l"),INDIRECT("'"&E$1&"'!d:d"),'출장비 정산(원화지급원화회수)'!$B16) -> 0 | F16: =SUM(C16:E16) -> 0 | I16: ▶ | J16: 비고란에 사용한 카드번호 입력(ex. 0101카드 또는 경영기획실 카드) | M16: 비고란에 사용한 카드번호 입력(ex. 0101카드 또는 경영기획실 카드)
B17: 여비교통비 | C17: =SUMIFS(INDIRECT("'"&C$1&"'!L:l"),INDIRECT("'"&C$1&"'!d:d"),'출장비 정산(원화지급원화회수)'!$B17) -> 114410 | D17: =SUMIFS(INDIRECT("'"&D$1&"'!L:l"),INDIRECT("'"&D$1&"'!d:d"),'출장비 정산(원화지급원화회수)'!$B17) -> 0 | E17: =SUMIFS(INDIRECT("'"&E$1&"'!L:l"),INDIRECT("'"&E$1&"'!d:d"),'출장비 정산(원화지급원화회수)'!$B17) -> 36000 | F17: =SUM(C17:E17) -> 150410
B18: 식비 | C18: =SUMIFS(INDIRECT("'"&C$1&"'!L:l"),INDIRECT("'"&C$1&"'!d:d"),'출장비 정산(원화지급원화회수)'!$B19) -> 0 | D18: =SUMIFS(INDIRECT("'"&D$1&"'!L:l"),INDIRECT("'"&D$1&"'!d:d"),'출장비 정산(원화지급원화회수)'!$B19) -> 0 | E18: =SUMIFS(INDIRECT("'"&E$1&"'!L:l"),INDIRECT("'"&E$1&"'!d:d"),'출장비 정산(원화지급원화회수)'!$B19) -> 0 | F18: =SUM(C18:E18) -> 0
B19: 회식비 | C19: =SUMIFS(INDIRECT("'"&C$1&"'!L:l"),INDIRECT("'"&C$1&"'!d:d"),'출장비 정산(원화지급원화회수)'!$B20) -> 551795 | D19: =SUMIFS(INDIRECT("'"&D$1&"'!L:l"),INDIRECT("'"&D$1&"'!d:d"),'출장비 정산(원화지급원화회수)'!$B20) -> 57600 | E19: =SUMIFS(INDIRECT("'"&E$1&"'!L:l"),INDIRECT("'"&E$1&"'!d:d"),'출장비 정산(원화지급원화회수)'!$B20) -> 0 | F19: =SUM(C19:E19) -> 609395 | G19: XXXX 카드
B20: 접대비 | C20: =SUMIFS(INDIRECT("'"&C$1&"'!L:l"),INDIRECT("'"&C$1&"'!d:d"),'출장비 정산(원화지급원화회수)'!$B21) -> 0 | D20: =SUMIFS(INDIRECT("'"&D$1&"'!L:l"),INDIRECT("'"&D$1&"'!d:d"),'출장비 정산(원화지급원화회수)'!$B21) -> 0 | E20: =SUMIFS(INDIRECT("'"&E$1&"'!L:l"),INDIRECT("'"&E$1&"'!d:d"),'출장비 정산(원화지급원화회수)'!$B21) -> 0 | F20: =SUM(C20:E20) -> 0
B21: 생필품 | C21: =SUMIFS(INDIRECT("'"&C$1&"'!L:l"),INDIRECT("'"&C$1&"'!d:d"),'출장비 정산(원화지급원화회수)'!$B22) -> 0 | D21: =SUMIFS(INDIRECT("'"&D$1&"'!L:l"),INDIRECT("'"&D$1&"'!d:d"),'출장비 정산(원화지급원화회수)'!$B22) -> 0 | E21: =SUMIFS(INDIRECT("'"&E$1&"'!L:l"),INDIRECT("'"&E$1&"'!d:d"),'출장비 정산(원화지급원화회수)'!$B22) -> 0 | F21: =SUM(C21:E21) -> 0
B22: 소모품비 | C22: =SUMIFS(INDIRECT("'"&C$1&"'!L:l"),INDIRECT("'"&C$1&"'!d:d"),'출장비 정산(원화지급원화회수)'!$B23) -> 0 | D22: =SUMIFS(INDIRECT("'"&D$1&"'!L:l"),INDIRECT("'"&D$1&"'!d:d"),'출장비 정산(원화지급원화회수)'!$B23) -> 0 | E22: =SUMIFS(INDIRECT("'"&E$1&"'!L:l"),INDIRECT("'"&E$1&"'!d:d"),'출장비 정산(원화지급원화회수)'!$B23) -> 18000 | F22: =SUM(C22:E22) -> 18000
B23: 통신비 | C23: =SUMIFS(INDIRECT("'"&C$1&"'!L:l"),INDIRECT("'"&C$1&"'!d:d"),'출장비 정산(원화지급원화회수)'!$B24) -> 0 | D23: =SUMIFS(INDIRECT("'"&D$1&"'!L:l"),INDIRECT("'"&D$1&"'!d:d"),'출장비 정산(원화지급원화회수)'!$B24) -> 0 | E23: =SUMIFS(INDIRECT("'"&E$1&"'!L:l"),INDIRECT("'"&E$1&"'!d:d"),'출장비 정산(원화지급원화회수)'!$B24) -> 0 | F23: =SUM(C23:E23) -> 0
B24: 의약품 외 | C24: =SUMIFS(INDIRECT("'"&C$1&"'!L:l"),INDIRECT("'"&C$1&"'!d:d"),'출장비 정산(원화지급원화회수)'!$B25) -> 0 | D24: =SUMIFS(INDIRECT("'"&D$1&"'!L:l"),INDIRECT("'"&D$1&"'!d:d"),'출장비 정산(원화지급원화회수)'!$B25) -> 14700 | E24: =SUMIFS(INDIRECT("'"&E$1&"'!L:l"),INDIRECT("'"&E$1&"'!d:d"),'출장비 정산(원화지급원화회수)'!$B25) -> 0 | F24: =SUM(C24:E24) -> 14700
B25: 수수료 | C25: =SUMIFS(INDIRECT("'"&C$1&"'!L:l"),INDIRECT("'"&C$1&"'!d:d"),'출장비 정산(원화지급원화회수)'!$B26) -> 0 | D25: =SUMIFS(INDIRECT("'"&D$1&"'!L:l"),INDIRECT("'"&D$1&"'!d:d"),'출장비 정산(원화지급원화회수)'!$B26) -> 0 | E25: =SUMIFS(INDIRECT("'"&E$1&"'!L:l"),INDIRECT("'"&E$1&"'!d:d"),'출장비 정산(원화지급원화회수)'!$B26) -> 0 | F25: =SUM(C25:E25) -> 0
B26: 기타 | C26: =SUMIFS(INDIRECT("'"&C$1&"'!L:l"),INDIRECT("'"&C$1&"'!d:d"),'출장비 정산(원화지급원화회수)'!$B27) -> 0 | D26: =SUMIFS(INDIRECT("'"&D$1&"'!L:l"),INDIRECT("'"&D$1&"'!d:d"),'출장비 정산(원화지급원화회수)'!$B27) -> 0 | E26: =SUMIFS(INDIRECT("'"&E$1&"'!L:l"),INDIRECT("'"&E$1&"'!d:d"),'출장비 정산(원화지급원화회수)'!$B27) -> 0 | F26: =SUM(C26:E26) -> 0
B27: 합계 | C27: =SUM(C14:C26) -> 1166205 | D27: =SUM(D14:D26) -> 72300 | E27: =SUM(E14:E26) -> 54000 | F27: =SUM(C27:E27) -> 1292505 | K27: =C27='2-1출장경비 법인카드'!L31 -> FALSE | L27: =D27='2-2출장경비 현금'!L14 -> FALSE | M27: =E27='2-3출장경비 개인경비'!L12 -> TRUE
B29: 3) 현금 내역
B30: 구분 | D30: USD | E30: IDR | F30: 원화 환산(참고용) | G30: 적용 환율 | H30: 비고 | K30: 환율표(*출국일 기준 환율)
B31: 본사 지급액 | C31: (USD) | D31: 700 | E31: 0 | F31: =ROUND(D31*G31,) -> 1029000 | G31: =L31 -> 1470 | H31: 출국일의 고시 환율 | K31: USD($) | L31: 1470
B32: 환전 금액 | C32: (USD → IDR) | D32: 500 | E32: 7800000 | F32: =ROUND(E32*G32,) -> 710580 | G32: =L32 -> 0.0911 | K32: IDR(Rp) | L32: 0.0911
B33: 환전 후 총액 | C33: (A) | D33: =D31-D32 -> 200 | E33: =E32 -> 7800000 | F33: =ROUND(D33*L31,)+F32 -> 1004580
B34: 지출 총액 | C34: (B) | D34: ='2-2출장경비 현금'!H14 -> 110 | E34: ='2-2출장경비 현금'!I14 -> 2112900 | F34: =ROUND((D34*$L$31)+(E34*$L$32),) -> 354185
B35: 반납 | C35: (A)-(B) | D35: =D33-D34 -> 90 | E35: =E33-E34 -> 5687100 | F35: =F33-F34 -> 650395

Sheet 2-1출장경비 법인카드
A2: 지 출 명 세 서
A5: 법 인 카 드 상 세 내 역
A6: * 영수증 건별로 작성
A7: 번호 | B7: 날짜 | C7: 상호 | D7: 항목 | E7: 구분 | F7: 상세내역 | H7: 현지화 | J7: USD환율 (매매기준) | K7: IDR환율 (매매기준) | L7: 원화금액 | M7: 사용자
H8: USD | I8: IDR
A9: =ROW()-8 -> 1 | B9: 2023.03.17 | C9: 마이뱅크 | D9: 여비교통비 | E9: 경영기획실 카드 | F9: 해외여행자보험 | H9: 0 | I9: 0 | J9: 0 | K9: 0 | L9: 40280 | M9: 홍길동
A10: =ROW()-8 -> 2 | B10: 2023.03.17 | C10: 대한항공 | D10: 항공료 | E10: 경영기획실 카드 | F10: 왕복 항공료 | H10: 0 | I10: 0 | J10: 0 | K10: 0 | L10: 500000 | M10: 홍길동
A11: =ROW()-8 -> 3 | B11: 2023.03.14 | C11: EFH*HANSIK GAYA | D11: 식비 | E11: 법인카드 | F11: 음료 | H11: 0 | I11: 1472900 | J11: =IF(H11>0,$L11/H11,0) -> 0 | K11: =IF(I11>0,$L11/I11,0) -> 0.086027565 | L11: 126710 | M11: 홍길동
A12: =ROW()-8 -> 4 | B12: 2023.03.14 | C12: PADANG GOLF PUPUK KUJANG | D12: 식비 | E12: 법인카드 | F12: 중식 | H12: 0 | I12: 2250000 | J12: =IF(H12>0,L12/H12,0) -> 0 | K12: =IF(I12>0,$L12/I12,0) -> 0.086020889 | L12: 193547 | M12: 홍길동
A13: =ROW()-8 -> 5 | B13: 2023.03.14 | C13: SUBWAY DT KM 57WY35 | D13: 접대비 | E13: 법인카드 | F13: 고객사 커피 | H13: 0 | I13: 320000 | J13: =IF(H13>0,L13/H13,0) -> 0 | K13: =IF(I13>0,$L13/I13,0) -> 0.08604375 | L13: 27534 | M13: 홍길동, HLI유광렬 책임
A14: =ROW()-8 -> 6 | B14: 2023.03.14 | C14: HOTEL AYOLA-HO | D14: 접대비 | E14: 법인카드 | F14: 고객사 석식 | H14: 0 | I14: 255666 | J14: =IF(H14>0,L14/H14,0) -> 0 | K14: =IF(I14>0,$L14/I14,0) -> 0.086323563 | L14: 22070 | M14: 홍길동, 현대류준열 수석
A15: =ROW()-8 -> 7 | B15: 2023.03.14 | C15: RESTORAN MAGURO TEI MBL | D15: 접대비 | E15: 법인카드 | F15: 고객사 야식 | H15: 0 | I15: 1047075 | J15: =IF(H15>0,L15/H15,0) -> 0 | K15: =IF(I15>0,$L15/I15,0) -> 0.086320464 | L15: 90384 | M15: 홍길동, 현대류준열 수석
A16: =ROW()-8 -> 8 | B16: 2023.03.14 | C16: PIZZA HUT LP CIKARANG MAL | D16: 여비교통비 | E16: 법인카드 | F16: 공항->호텔->SDI->식당->호텔 | H16: 0 | I16: 552999 | J16: =IF(H16>0,L16/H16,0) -> 0 | K16: =IF(I16>0,$L16/I16,0) -> 0.086736142 | L16: 47965 | M16: 홍길동
A17: =ROW()-8 -> 9 | B17: 2023.03.15 | C17: HANABI RESTAURANT | D17: 식비 | E17: 법인카드 | F17: 조식 | H17: 0 | I17: 999075 | J17: =IF(H17>0,L17/H17,0) -> 0 | K17: =IF(I17>0,$L17/I17,0) -> 0.086896379 | L17: 86816 | M17: 홍길동
A18: =ROW()-8 -> 10 | B18: 2023.03.15 | C18: SUBWAY DT KM 57/WY35 | D18: 식비 | E18: 법인카드 | F18: 중식 | H18: 0 | I18: 524000 | J18: =IF(H18>0,L18/H18,0) -> 0 | K18: =IF(I18>0,$L18/I18,0) -> 0.086877863 | L18: 45524 | M18: 홍길동
A19: =ROW()-8 -> 11 | B19: 2023.03.15 | C19: MCD LIPPO CIKARANGSOK | D19: 접대비 | E19: 법인카드 | F19: 고객사 커피 | H19: 0 | I19: 195000 | J19: =IF(H19>0,L19/H19,0) -> 0 | K19: =IF(I19>0,$L19/I19,0) -> 0.086882051 | L19: 16942 | M19: 홍길동, 현대류준열 수석
A20: =ROW()-8 -> 12 | B20: 2023.03.15 | C20: MCD LIPPO CIKARANGDRIVE | D20: 접대비 | E20: 법인카드 | F20: 고객사 석식 | H20: 0 | I20: 140001 | J20: =IF(H20>0,L20/H20,0) -> 0 | K20: =IF(I20>0,$L20/I20,0) -> 0.086899379 | L20: 12166 | M20: 홍길동, 현대류준열 수석
A21: =ROW()-8 -> 13 | B21: 2023.03.15 | C21: EFH*GALLERY GUEST HOUSE | D21: 접대비 | E21: 법인카드 | F21: 고객사 야식 | H21: 0 | I21: 2884000 | J21: =IF(H21>0,L21/H21,0) -> 0 | K21: =IF(I21>0,$L21/I21,0) -> 0.086228849 | L21: 248684 | M21: 홍길동, 현대류준열 수석
A22: =ROW()-8 -> 14 | B22: 2023.03.15 | C22: SPBU 34.17531,KM39 REST | D22: 여비교통비 | E22: 법인카드 | F22: 호텔->SDI->식당->호텔 | H22: 0 | I22: 300000 | J22: =IF(H22>0,L22/H22,0) -> 0 | K22: =IF(I22>0,$L22/I22,0) -> 0.087216667 | L22: 26165 | M22: 홍길동
A23: =ROW()-8 -> 15 | B23: 2023.03.16 | C23: PADANG GOLF PUPUK KUJANG | D23: 식비 | E23: 법인카드 | F23: 조식 | H23: 0 | I23: 1000000 | J23: =IF(H23>0,L23/H23,0) -> 0 | K23: =IF(I23>0,$L23/I23,0) -> 0.087398 | L23: 87398 | M23: 홍길동
... A30: =ROW()-8 -> 22 | B30: 2023.03.17 | C30: AYOLA HOTEL LIPPO CIKARAN | D30: 식비 | E30: 법인카드 | F30: 조식 | H30: 0 | I30: 474189 | J30: =IF(H30>0,L30/H30,0) -> 0 | K30: =IF(I30>0,$L30/I30,0) -> 0.086178718 | L30: 40865 | M30: 홍길동
A31: 합 계 | H31: =SUM(H9:H30) -> 0 | I31: =SUM(I9:I30) -> 14923193 | L31: =SUM(L9:L30) -> 1830259

Sheet 2-2출장경비 현금
A2: 지 출 명 세 서
A5: 현 금 상 세 내 역
A6: * 영수증 건별로 작성
A7: 번호 | B7: 날짜 | C7: 상호 | D7: 항목 | E7: 구분 | F7: 상세내역 | H7: 현지화 | J7: USD환율 (매매기준) | K7: IDR환율 (매매기준) | L7: 원화금액 | M7: 사용자
H8: USD | I8: ='2-1출장경비 법인카드'!I8 -> IDR
A9: =ROW()-8 -> 1 | B9: 2023.03.14 | C9: 환전소 | D9: 수수료 | E9: 현금 | F9: USD → IDR 환전수수료 | H9: 10 | J9: ='출장비 정산(원화지급원화회수)'!I5 -> 1470 | K9: ='출장비 정산(원화지급원화회수)'!I6 -> 0.09 | L9: =ROUND((H9*J9)+(I9*K9),0) -> 14700 | M9: 홍길동
A10: =ROW()-8 -> 2 | B10: 2023.03.14 | C10: 瑞幸咖啡 | D10: 식비 | E10: 현금 | F10: 음료 | I10: 1472900 | J10: 1470 | K10: 0.09 | L10: =ROUND((H10*J10)+(I10*K10),0) -> 132561 | M10: 홍길동
A11: =ROW()-8 -> 3 | B11: 2023.03.14 | C11: 和府捞面 | D11: 식비 | E11: 현금 | F11: 중식 | H11: 100 | I11: 0 | J11: 1470 | K11: 0.09 | L11: =ROUND((H11*J11)+(I11*K11),0) -> 147000 | M11: 홍길동
A12: =ROW()-8 -> 4 | B12: 2023.03.14 | C12: 瑞幸咖啡 | D12: 접대비 | E12: 현금 | F12: 고객사 커피 | I12: 320000 | J12: 1470 | K12: 0.09 | L12: =ROUND((H12*J12)+(I12*K12),0) -> 28800 | M12: 홍길동, 현대류준열 수석
A13: =ROW()-8 -> 5 | B13: 2023.03.14 | C13: 韩满香餐饮 | D13: 접대비 | E13: 현금 | F13: 고객사 석식 | I13: 320000 | J13: 1470 | K13: 0.09 | L13: =ROUND((H13*J13)+(I13*K13),0) -> 28800 | M13: 홍길동, 현대류준열 수석
A14: 합 계 | H14: =SUM(H9:H13) -> 110 | I14: =SUM(I9:I13) -> 2112900 | L14: =SUM(L9:L13) -> 351861

Sheet 2-3출장경비 개인경비
A2: 지 출 명 세 서
A5: 개 인 경 비 상 세 내 역
A6: * 영수증 건별로 작성
A7: 번호 | B7: 날짜 | C7: 상호 | D7: 항목 | E7: 구분 | F7: 상세내역 | H7: 현지화 | J7: USD환율 (매매기준) | K7: IDR환율 (매매기준) | L7: 원화금액 | M7: 사용자
H8: USD | I8: ='2-2출장경비 현금'!I8 -> IDR
A9: =ROW()-8 -> 1 | B9: 2023.03.14 | C9: 공항버스 | D9: 여비교통비 | E9: 개인경비 | F9: 공항버스 이용료 | H9: 0 | I9: 0 | J9: 0 | K9: 0 | L9: 18000 | M9: 홍길동
A10: =ROW()-8 -> 2 | B10: 2023.03.14 | C10: 공항버스 | D10: 통신비 | E10: 개인경비 | F10: 로밍료(03.14~03.18) | H10: 0 | I10: 0 | J10: 0 | K10: 0 | L10: 18000 | M10: 홍길동
A11: =ROW()-8 -> 3 | B11: 2023.03.19 | C11: 공항버스 | D11: 여비교통비 | E11: 개인경비 | F11: 공항버스 이용료 | H11: 0 | I11: 0 | J11: 0 | K11: 0 | L11: 18000 | M11: 홍길동
A12: 합 계 | H12: =SUM(H9:H11) -> 0 | I12: =SUM(I9:I11) -> 0 | L12: =SUM(L9:L11) -> 54000

Sheet 3.간이영수증 샘플
B2: RECEIPT | I2: RECEIPT
B7: DATE: | C7: 45658 | I7: DATE:
B8: FROM: | I8: FROM:
B9: TO: | I9: TO:
B10: FARE: | I10: FARE:
B11: TOTAL: | I11: TOTAL:
B12: MEMO: | C12: USD 100 → IDR 890,000 환전 | I12: MEMO:
E14: Signature: | L14: Signature:
B16: In order to receive the above amount properly and to make sure. | I16: In order to receive the above amount properly and to make sure.
B23: RECEIPT | I23: RECEIPT
B28: DATE: | I28: DATE:
B29: FROM: | I29: FROM:
B30: TO: | I30: TO:
B31: FARE: | I31: FARE:
B32: TOTAL: | I32: TOTAL:
B33: MEMO: | I33: MEMO:
E35: Signature: | L35: Signature:
B37: In order to receive the above amount properly and to make sure. | I37: In order to receive the above amount properly and to make sure.

Sheet 4.분류
B2: 분류 | C2: 내용 | J2: 분류
B3: 식비 | C3: 중식대 | D3: 석식대 | E3: 음료 | J3: 법인카드
B4: 렌터카 | J4: 현금
B5: 생필품 | J5: 개인경비
B6: 소모품비 | C6: 안전화 | D6: 공구 | E6: 사무용품
B7: 여비교통비 | C7: 주유비 | D7: 세차비 | E7: 통행료 | F7: 주차비 | G7: 택시비 | H7: 공항버스
B8: 숙박비
B9: 수수료 | C9: 행정수수료 | D9: 환전수수료 | E9: 국제운전면허증 발급비
B10: 의약품 외
B11: 회식비
B12: 접대비
B13: 통신비 | C13: 로밍요금
B14: 기타 | C14: 해외여행자보험
B15: 항공료
B27: 미국 출장 식비 한도 관련
C28: 1일 식비 한도 $50는 팁 금액을 포함한 금액인지? | K28: - 포함
B29: 식자재 구입 관련
C30: 마트에서 식자재를 구입하여 직접 조리해 먹는 경우, 해당 비용도 식비에 포함되는지?
C31: 마트에서 식자재 외 다른 품목도 함께 구입한 경우에는 어떻게 처리하는지? | K31: - 분리 결제 및 지출결의서 분리기재
B32: 식비
C33: 출장자 외 다른인원이 섞인경우 $50 어떤한도를 정하는지 | K33: - 법인장,주재원,현지직원들과 먹을시 별도 결제 같이 결제시 $50 한도 적용
C34: 접대비 제외?
